Order,Design No,Design
1,A0126  ,APPLICATOR                    
2,16673,DIGI CAMO                     
3,16608,VS HERITAGE STRIPE            
4,7823,LAMANTIA
5,16507,REALTREE XTRA                 
6,14779,BIG LEAGUE STRIPE             
7,16599,SOCCER CAMO                   
8,13077,SATSUMA                       
9,16818,BADGER CAMO
10,C2015  ,SHANTUNG                      
11,M72    ,BARKELEY                      
12,A0126,APPLICATOR
13,14894,CIRCLES                       
14,16598,PERFECT PRINT                 
15,14990,MEBANE                        
16,16717,TYE DRY                       
17,9728,ASTONSHIRE
18,A2392,SONATA BORDER
19,7987,BOYCE II                      
20,17123,ENGLAND STRIPE                
21,16470,MODERN CAMO                   
22,16235,HATCH TEXTURE
23,C6050  ,BA BA DOUBLE BORDER IV        
24,9452,ELASERIE BORDER
25,16807,VS DOTS ALL SHE WROTE VPD     
26,12079,GREENWICH FLORAL II           
27,11577,BORLAND TEXTURE
28,16066,MY GRAIN
29,12716,BRISA
30,11881,LORONG                        
31,14009,BELLFLOWER BUTTERFLY II       
32,15865,INCREASE                      
33,17151,SHOCK                         
34,M48    ,NIOVIZE                       
35,16556,SINGLE BUBBLE BORDER II       
36,C5511  ,DUCHESSE DE BRABANT           
37,A7443  ,SLY DOT                       
38,8536,POCATELLO                     
39,17150,BADGER STATIC                 
40,13203,GULFPORT STRIPE III           
41,9731,JOURADO
42,16411,BLACK & WHITE DBL BORDER
43,C5194,FLAX II
44,X8115  ,LUXURY STRIE                  
45,17127,ITALY NEGATIVE
46,16203,SWISS DOT WILD ROSE BORDER
47,12104,TYBEE                         
48,C3960  ,BURL                          
